#FamilyID	SampleID	FatherID	MotherID	Sex	Population	Superpopulation	SampleIllumina
BB46	HG02449	0	0	1	ACB	AFR	/gpfs/project/projects/medbioinf/data/illumina_nygc/output/reduced/PRJEB31736.2504/HG02449_ERR3242329.fasta.gz
BB46	HG02450	0	0	2	ACB	AFR	/gpfs/project/projects/medbioinf/data/illumina_nygc/output/reduced/PRJEB31736.2504/HG02450_ERR3242330.fasta.gz
BB46	HG02451	HG02449	HG02450	2	ACB	AFR	/gpfs/project/projects/medbioinf/data/illumina_nygc/output/reduced/PRJEB36890.698/HG02451_ERR3989016.fasta.gz
NG109	HG03520	0	0	2	ESN	AFR	/gpfs/project/projects/medbioinf/data/illumina_nygc/output/reduced/PRJEB31736.2504/HG03520_ERR3243007.fasta.gz
NG109	HG03521	0	0	1	ESN	AFR	/gpfs/project/projects/medbioinf/data/illumina_nygc/output/reduced/PRJEB31736.2504/HG03521_ERR3243008.fasta.gz
NG109	HG03522	HG03521	HG03520	2	ESN	AFR	/gpfs/project/projects/medbioinf/data/illumina_nygc/output/reduced/PRJEB36890.698/HG03522_ERR3989176.fasta.gz
NG47	HG03162	0	0	2	ESN	AFR	/gpfs/project/projects/medbioinf/data/illumina_nygc/output/reduced/PRJEB31736.2504/HG03162_ERR3242615.fasta.gz
NG47	HG03163	0	0	1	ESN	AFR	/gpfs/project/projects/medbioinf/data/illumina_nygc/output/reduced/PRJEB31736.2504/HG03163_ERR3242614.fasta.gz
NG47	HG03164	HG03163	HG03162	2	ESN	AFR	/gpfs/project/projects/medbioinf/data/illumina_nygc/output/reduced/PRJEB36890.698/HG03164_ERR3989132.fasta.gz
NG49	HG03168	0	0	2	ESN	AFR	/gpfs/project/projects/medbioinf/data/illumina_nygc/output/reduced/PRJEB31736.2504/HG03168_ERR3242617.fasta.gz
NG49	HG03169	0	0	1	ESN	AFR	/gpfs/project/projects/medbioinf/data/illumina_nygc/output/reduced/PRJEB31736.2504/HG03169_ERR3242616.fasta.gz
NG49	HG03170	HG03169	HG03168	1	ESN	AFR	/gpfs/project/projects/medbioinf/data/illumina_nygc/output/reduced/PRJEB36890.698/HG03170_ERR3989133.fasta.gz
NG79	HG03312	0	0	2	ESN	AFR	/gpfs/project/projects/medbioinf/data/illumina_nygc/output/reduced/PRJEB36890.698/HG03312_ERR3989157.fasta.gz
NG79	HG03313	0	0	1	ESN	AFR	/gpfs/project/projects/medbioinf/data/illumina_nygc/output/reduced/PRJEB31736.2504/HG03313_ERR3242997.fasta.gz
NG79	HG03314	HG03313	HG03312	1	ESN	AFR	/gpfs/project/projects/medbioinf/data/illumina_nygc/output/reduced/PRJEB36890.698/HG03314_ERR3989158.fasta.gz
GB31	HG02620	0	0	1	GWD	AFR	/gpfs/project/projects/medbioinf/data/illumina_nygc/output/reduced/PRJEB31736.2504/HG02620_ERR3242377.fasta.gz
GB31	HG02621	0	0	2	GWD	AFR	/gpfs/project/projects/medbioinf/data/illumina_nygc/output/reduced/PRJEB31736.2504/HG02621_ERR3242378.fasta.gz
GB31	HG02622	HG02620	HG02621	2	GWD	AFR	/gpfs/project/projects/medbioinf/data/illumina_nygc/output/reduced/PRJEB36890.698/HG02622_ERR3989038.fasta.gz
GB37	HG02642	0	0	1	GWD	AFR	/gpfs/project/projects/medbioinf/data/illumina_nygc/output/reduced/PRJEB31736.2504/HG02642_ERR3242383.fasta.gz
GB37	HG02643	0	0	2	GWD	AFR	/gpfs/project/projects/medbioinf/data/illumina_nygc/output/reduced/PRJEB31736.2504/HG02643_ERR3242384.fasta.gz
GB37	HG02644	HG02642	HG02643	1	GWD	AFR	/gpfs/project/projects/medbioinf/data/illumina_nygc/output/reduced/PRJEB36890.698/HG02644_ERR3989042.fasta.gz
GB58	HG02771	0	0	1	GWD	AFR	/gpfs/project/projects/medbioinf/data/illumina_nygc/output/reduced/PRJEB31736.2504/HG02771_ERR3242425.fasta.gz
GB58	HG02772	0	0	2	GWD	AFR	/gpfs/project/projects/medbioinf/data/illumina_nygc/output/reduced/PRJEB31736.2504/HG02772_ERR3242426.fasta.gz
GB58	HG02773	HG02771	HG02772	1	GWD	AFR	/gpfs/project/projects/medbioinf/data/illumina_nygc/output/reduced/PRJEB36890.698/HG02773_ERR3989069.fasta.gz
GB65	HG02813	0	0	1	GWD	AFR	/gpfs/project/projects/medbioinf/data/illumina_nygc/output/reduced/PRJEB31736.2504/HG02813_ERR3242435.fasta.gz
GB65	HG02814	0	0	2	GWD	AFR	/gpfs/project/projects/medbioinf/data/illumina_nygc/output/reduced/PRJEB31736.2504/HG02814_ERR3242436.fasta.gz
GB65	HG02815	HG02813	HG02814	1	GWD	AFR	/gpfs/project/projects/medbioinf/data/illumina_nygc/output/reduced/PRJEB36890.698/HG02815_ERR3989079.fasta.gz
GB73	HG02836	0	0	1	GWD	AFR	/gpfs/project/projects/medbioinf/data/illumina_nygc/output/reduced/PRJEB31736.2504/HG02836_ERR3242459.fasta.gz
GB73	HG02837	0	0	2	GWD	AFR	/gpfs/project/projects/medbioinf/data/illumina_nygc/output/reduced/PRJEB31736.2504/HG02837_ERR3242460.fasta.gz
GB73	HG02838	HG02836	HG02837	1	GWD	AFR	/gpfs/project/projects/medbioinf/data/illumina_nygc/output/reduced/PRJEB36890.698/HG02838_ERR3989082.fasta.gz
GB78	HG02851	0	0	1	GWD	AFR	/gpfs/project/projects/medbioinf/data/illumina_nygc/output/reduced/PRJEB31736.2504/HG02851_ERR3242439.fasta.gz
GB78	HG02852	0	0	2	GWD	AFR	/gpfs/project/projects/medbioinf/data/illumina_nygc/output/reduced/PRJEB31736.2504/HG02852_ERR3242440.fasta.gz
GB78	HG02853	HG02851	HG02852	1	GWD	AFR	/gpfs/project/projects/medbioinf/data/illumina_nygc/output/reduced/PRJEB36890.698/HG02853_ERR3989084.fasta.gz
GB81	HG02860	0	0	1	GWD	AFR	/gpfs/project/projects/medbioinf/data/illumina_nygc/output/reduced/PRJEB31736.2504/HG02860_ERR3242461.fasta.gz
GB81	HG02861	0	0	2	GWD	AFR	/gpfs/project/projects/medbioinf/data/illumina_nygc/output/reduced/PRJEB31736.2504/HG02861_ERR3242462.fasta.gz
GB81	HG02862	HG02860	HG02861	2	GWD	AFR	/gpfs/project/projects/medbioinf/data/illumina_nygc/output/reduced/PRJEB36890.698/HG02862_ERR3989086.fasta.gz
SL16	HG03096	0	0	1	MSL	AFR	/gpfs/project/projects/medbioinf/data/illumina_nygc/output/reduced/PRJEB31736.2504/HG03096_ERR3242473.fasta.gz
SL16	HG03097	0	0	2	MSL	AFR	/gpfs/project/projects/medbioinf/data/illumina_nygc/output/reduced/PRJEB31736.2504/HG03097_ERR3242474.fasta.gz
SL16	HG03098	HG03096	HG03097	1	MSL	AFR	/gpfs/project/projects/medbioinf/data/illumina_nygc/output/reduced/PRJEB36890.698/HG03098_ERR3989119.fasta.gz
SL51	HG03454	0	0	1	MSL	AFR	/gpfs/project/projects/medbioinf/data/illumina_nygc/output/reduced/PRJEB36890.698/HG03454_ERR3989167.fasta.gz
SL51	HG03455	0	0	2	MSL	AFR	/gpfs/project/projects/medbioinf/data/illumina_nygc/output/reduced/PRJEB31736.2504/HG03455_ERR3242575.fasta.gz
SL51	HG03456	HG03454	HG03455	1	MSL	AFR	/gpfs/project/projects/medbioinf/data/illumina_nygc/output/reduced/PRJEB36890.698/HG03456_ERR3989168.fasta.gz
Y005	NA18503	NA18504	NA18505	1	YRI	AFR	/gpfs/project/projects/medbioinf/data/illumina_nygc/output/reduced/PRJEB36890.698/NA18503_ERR3989348.fasta.gz
Y005	NA18504	0	0	1	YRI	AFR	/gpfs/project/projects/medbioinf/data/illumina_nygc/output/reduced/PRJEB31736.2504/NA18504_ERR3239341.fasta.gz
Y005	NA18505	0	0	2	YRI	AFR	/gpfs/project/projects/medbioinf/data/illumina_nygc/output/reduced/PRJEB31736.2504/NA18505_ERR3239342.fasta.gz
Y006	NA19107	0	0	1	YRI	AFR	/gpfs/project/projects/medbioinf/data/illumina_nygc/output/reduced/PRJEB31736.2504/NA19107_ERR3239620.fasta.gz
Y006	NA19108	0	0	2	YRI	AFR	/gpfs/project/projects/medbioinf/data/illumina_nygc/output/reduced/PRJEB31736.2504/NA19108_ERR3239426.fasta.gz
Y006	NA19109	NA19107	NA19108	2	YRI	AFR	/gpfs/project/projects/medbioinf/data/illumina_nygc/output/reduced/PRJEB36890.698/NA19109_ERR3989376.fasta.gz
Y030	NA18916	0	0	2	YRI	AFR	/gpfs/project/projects/medbioinf/data/illumina_nygc/output/reduced/PRJEB31736.2504/NA18916_ERR3239391.fasta.gz
Y030	NA18917	0	0	1	YRI	AFR	/gpfs/project/projects/medbioinf/data/illumina_nygc/output/reduced/PRJEB31736.2504/NA18917_ERR3239552.fasta.gz
Y030	NA18930	NA18917	NA18916	2	YRI	AFR	/gpfs/project/projects/medbioinf/data/illumina_nygc/output/reduced/PRJEB36890.698/NA18930_ERR3989369.fasta.gz
Y036	NA18933	0	0	2	YRI	AFR	/gpfs/project/projects/medbioinf/data/illumina_nygc/output/reduced/PRJEB31736.2504/NA18933_ERR3239555.fasta.gz
Y036	NA18934	0	0	1	YRI	AFR	/gpfs/project/projects/medbioinf/data/illumina_nygc/output/reduced/PRJEB31736.2504/NA18934_ERR3239556.fasta.gz
Y036	NA18935	NA18934	NA18933	1	YRI	AFR	/gpfs/project/projects/medbioinf/data/illumina_nygc/output/reduced/PRJEB36890.698/NA18935_ERR3989370.fasta.gz
Y040	NA19092	0	0	1	YRI	AFR	/gpfs/project/projects/medbioinf/data/illumina_nygc/output/reduced/PRJEB31736.2504/NA19092_ERR3239617.fasta.gz
Y040	NA19093	0	0	2	YRI	AFR	/gpfs/project/projects/medbioinf/data/illumina_nygc/output/reduced/PRJEB31736.2504/NA19093_ERR3239422.fasta.gz
Y040	NA19094	NA19092	NA19093	2	YRI	AFR	/gpfs/project/projects/medbioinf/data/illumina_nygc/output/reduced/PRJEB36890.698/NA19094_ERR3989371.fasta.gz
Y051	NA19206	0	0	2	YRI	AFR	/gpfs/project/projects/medbioinf/data/illumina_nygc/output/reduced/PRJEB31736.2504/NA19206_ERR3239448.fasta.gz
Y051	NA19207	0	0	1	YRI	AFR	/gpfs/project/projects/medbioinf/data/illumina_nygc/output/reduced/PRJEB31736.2504/NA19207_ERR3239449.fasta.gz
Y051	NA19208	NA19207	NA19206	1	YRI	AFR	/gpfs/project/projects/medbioinf/data/illumina_nygc/output/reduced/PRJEB36890.698/NA19208_ERR3989403.fasta.gz
CLM21	HG01271	0	0	1	CLM	AMR	/gpfs/project/projects/medbioinf/data/illumina_nygc/output/reduced/PRJEB31736.2504/HG01271_ERR3241870.fasta.gz
CLM21	HG01272	0	0	2	CLM	AMR	/gpfs/project/projects/medbioinf/data/illumina_nygc/output/reduced/PRJEB31736.2504/HG01272_ERR3241871.fasta.gz
CLM21	HG01273	HG01271	HG01272	1	CLM	AMR	/gpfs/project/projects/medbioinf/data/illumina_nygc/output/reduced/PRJEB36890.698/HG01273_ERR3988864.fasta.gz
CLM28	HG01347	0	0	1	CLM	AMR	/gpfs/project/projects/medbioinf/data/illumina_nygc/output/reduced/PRJEB36890.698/HG01347_ERR3988871.fasta.gz
CLM28	HG01348	0	0	2	CLM	AMR	/gpfs/project/projects/medbioinf/data/illumina_nygc/output/reduced/PRJEB31736.2504/HG01348_ERR3241877.fasta.gz
CLM28	HG01349	HG01347	HG01348	2	CLM	AMR	/gpfs/project/projects/medbioinf/data/illumina_nygc/output/reduced/PRJEB36890.698/HG01349_ERR3988872.fasta.gz
CLM37	HG01374	0	0	1	CLM	AMR	/gpfs/project/projects/medbioinf/data/illumina_nygc/output/reduced/PRJEB31736.2504/HG01374_ERR3241894.fasta.gz
CLM37	HG01375	0	0	2	CLM	AMR	/gpfs/project/projects/medbioinf/data/illumina_nygc/output/reduced/PRJEB31736.2504/HG01375_ERR3241895.fasta.gz
CLM37	HG01376	HG01374	HG01375	2	CLM	AMR	/gpfs/project/projects/medbioinf/data/illumina_nygc/output/reduced/PRJEB36890.698/HG01376_ERR3988878.fasta.gz
CLM54	HG01464	0	0	1	CLM	AMR	/gpfs/project/projects/medbioinf/data/illumina_nygc/output/reduced/PRJEB31736.2504/HG01464_ERR3241906.fasta.gz
CLM54	HG01465	0	0	2	CLM	AMR	/gpfs/project/projects/medbioinf/data/illumina_nygc/output/reduced/PRJEB31736.2504/HG01465_ERR3241907.fasta.gz
CLM54	HG01466	HG01464	HG01465	2	CLM	AMR	/gpfs/project/projects/medbioinf/data/illumina_nygc/output/reduced/PRJEB36890.698/HG01466_ERR3988886.fasta.gz
CLM62	HG01488	0	0	1	CLM	AMR	/gpfs/project/projects/medbioinf/data/illumina_nygc/output/reduced/PRJEB31736.2504/HG01488_ERR3241908.fasta.gz
CLM62	HG01489	0	0	2	CLM	AMR	/gpfs/project/projects/medbioinf/data/illumina_nygc/output/reduced/PRJEB31736.2504/HG01489_ERR3241909.fasta.gz
CLM62	HG01490	HG01488	HG01489	2	CLM	AMR	/gpfs/project/projects/medbioinf/data/illumina_nygc/output/reduced/PRJEB36890.698/HG01490_ERR3988887.fasta.gz
CLM63	HG01491	0	0	1	CLM	AMR	/gpfs/project/projects/medbioinf/data/illumina_nygc/output/reduced/PRJEB31736.2504/HG01491_ERR3241910.fasta.gz
CLM63	HG01492	0	0	2	CLM	AMR	/gpfs/project/projects/medbioinf/data/illumina_nygc/output/reduced/PRJEB31736.2504/HG01492_ERR3241911.fasta.gz
CLM63	HG01493	HG01491	HG01492	2	CLM	AMR	/gpfs/project/projects/medbioinf/data/illumina_nygc/output/reduced/PRJEB36890.698/HG01493_ERR3988888.fasta.gz
CLM65	HG01497	0	0	1	CLM	AMR	/gpfs/project/projects/medbioinf/data/illumina_nygc/output/reduced/PRJEB31736.2504/HG01497_ERR3241914.fasta.gz
CLM65	HG01498	0	0	2	CLM	AMR	/gpfs/project/projects/medbioinf/data/illumina_nygc/output/reduced/PRJEB31736.2504/HG01498_ERR3241915.fasta.gz
CLM65	HG01499	HG01497	HG01498	1	CLM	AMR	/gpfs/project/projects/medbioinf/data/illumina_nygc/output/reduced/PRJEB36890.698/HG01499_ERR3988890.fasta.gz
m001	NA19648	0	0	2	MXL	AMR	/gpfs/project/projects/medbioinf/data/illumina_nygc/output/reduced/PRJEB31736.2504/NA19648_ERR3239894.fasta.gz
m001	NA19649	0	0	1	MXL	AMR	/gpfs/project/projects/medbioinf/data/illumina_nygc/output/reduced/PRJEB31736.2504/NA19649_ERR3239895.fasta.gz
m001	NA19650	NA19649	NA19648	1	MXL	AMR	/gpfs/project/projects/medbioinf/data/illumina_nygc/output/reduced/PRJEB36890.698/NA19650_ERR3989413.fasta.gz
m008xm011	NA19684	0	0	2	MXL	AMR	/gpfs/project/projects/medbioinf/data/illumina_nygc/output/reduced/PRJEB31736.2504/NA19684_ERR3239912.fasta.gz
m008xm011	NA19685	0	0	1	MXL	AMR	/gpfs/project/projects/medbioinf/data/illumina_nygc/output/reduced/PRJEB36890.698/NA19685_ERR3989425.fasta.gz
m008xm011	NA19686	NA19685	NA19684	2	MXL	AMR	/gpfs/project/projects/medbioinf/data/illumina_nygc/output/reduced/PRJEB36890.698/NA19686_ERR3989426.fasta.gz
m031	NA19770	0	0	2	MXL	AMR	/gpfs/project/projects/medbioinf/data/illumina_nygc/output/reduced/PRJEB31736.2504/NA19770_ERR3239943.fasta.gz
m031	NA19771	0	0	1	MXL	AMR	/gpfs/project/projects/medbioinf/data/illumina_nygc/output/reduced/PRJEB31736.2504/NA19771_ERR3239944.fasta.gz
m031	NA19772	NA19771	NA19770	1	MXL	AMR	/gpfs/project/projects/medbioinf/data/illumina_nygc/output/reduced/PRJEB36890.698/NA19772_ERR3989440.fasta.gz
m033	NA19773	0	0	2	MXL	AMR	/gpfs/project/projects/medbioinf/data/illumina_nygc/output/reduced/PRJEB31736.2504/NA19773_ERR3239945.fasta.gz
m033	NA19774	0	0	1	MXL	AMR	/gpfs/project/projects/medbioinf/data/illumina_nygc/output/reduced/PRJEB31736.2504/NA19774_ERR3239946.fasta.gz
m033	NA19775	NA19774	NA19773	2	MXL	AMR	/gpfs/project/projects/medbioinf/data/illumina_nygc/output/reduced/PRJEB36890.698/NA19775_ERR3989441.fasta.gz
PEL003	HG01571	0	0	1	PEL	AMR	/gpfs/project/projects/medbioinf/data/illumina_nygc/output/reduced/PRJEB31736.2504/HG01571_ERR3241986.fasta.gz
PEL003	HG01572	0	0	2	PEL	AMR	/gpfs/project/projects/medbioinf/data/illumina_nygc/output/reduced/PRJEB31736.2504/HG01572_ERR3241987.fasta.gz
PEL003	HG01573	HG01571	HG01572	2	PEL	AMR	/gpfs/project/projects/medbioinf/data/illumina_nygc/output/reduced/PRJEB36890.698/HG01573_ERR3988905.fasta.gz
PEL005	HG01577	0	0	1	PEL	AMR	/gpfs/project/projects/medbioinf/data/illumina_nygc/output/reduced/PRJEB31736.2504/HG01577_ERR3241988.fasta.gz
PEL005	HG01578	0	0	2	PEL	AMR	/gpfs/project/projects/medbioinf/data/illumina_nygc/output/reduced/PRJEB31736.2504/HG01578_ERR3241989.fasta.gz
PEL005	HG01579	HG01577	HG01578	1	PEL	AMR	/gpfs/project/projects/medbioinf/data/illumina_nygc/output/reduced/PRJEB36890.698/HG01579_ERR3988906.fasta.gz
PEL006	HG01917	0	0	1	PEL	AMR	/gpfs/project/projects/medbioinf/data/illumina_nygc/output/reduced/PRJEB31736.2504/HG01917_ERR3241990.fasta.gz
PEL006	HG01918	0	0	2	PEL	AMR	/gpfs/project/projects/medbioinf/data/illumina_nygc/output/reduced/PRJEB31736.2504/HG01918_ERR3241991.fasta.gz
PEL006	HG01919	HG01917	HG01918	2	PEL	AMR	/gpfs/project/projects/medbioinf/data/illumina_nygc/output/reduced/PRJEB36890.698/HG01919_ERR3988948.fasta.gz
PEL52	HG02298	0	0	2	PEL	AMR	/gpfs/project/projects/medbioinf/data/illumina_nygc/output/reduced/PRJEB31736.2504/HG02298_ERR3242248.fasta.gz
PEL52	HG02299	0	0	1	PEL	AMR	/gpfs/project/projects/medbioinf/data/illumina_nygc/output/reduced/PRJEB31736.2504/HG02299_ERR3242247.fasta.gz
PEL52	HG02300	HG02299	HG02298	1	PEL	AMR	/gpfs/project/projects/medbioinf/data/illumina_nygc/output/reduced/PRJEB36890.698/HG02300_ERR3989011.fasta.gz
PR12	HG01054	0	0	1	PUR	AMR	/gpfs/project/projects/medbioinf/data/illumina_nygc/output/reduced/PRJEB31736.2504/HG01054_ERR3241763.fasta.gz
PR12	HG01055	0	0	2	PUR	AMR	/gpfs/project/projects/medbioinf/data/illumina_nygc/output/reduced/PRJEB31736.2504/HG01055_ERR3241764.fasta.gz
PR12	HG01056	HG01054	HG01055	1	PUR	AMR	/gpfs/project/projects/medbioinf/data/illumina_nygc/output/reduced/PRJEB36890.698/HG01056_ERR3988829.fasta.gz
PR14	HG01060	0	0	1	PUR	AMR	/gpfs/project/projects/medbioinf/data/illumina_nygc/output/reduced/PRJEB31736.2504/HG01060_ERR3241807.fasta.gz
PR14	HG01061	0	0	2	PUR	AMR	/gpfs/project/projects/medbioinf/data/illumina_nygc/output/reduced/PRJEB31736.2504/HG01061_ERR3241808.fasta.gz
PR14	HG01062	HG01060	HG01061	2	PUR	AMR	/gpfs/project/projects/medbioinf/data/illumina_nygc/output/reduced/PRJEB36890.698/HG01062_ERR3988830.fasta.gz
PR19	HG01101	0	0	1	PUR	AMR	/gpfs/project/projects/medbioinf/data/illumina_nygc/output/reduced/PRJEB31736.2504/HG01101_ERR3241820.fasta.gz
PR19	HG01102	0	0	2	PUR	AMR	/gpfs/project/projects/medbioinf/data/illumina_nygc/output/reduced/PRJEB31736.2504/HG01102_ERR3241821.fasta.gz
PR19	HG01103	HG01101	HG01102	2	PUR	AMR	/gpfs/project/projects/medbioinf/data/illumina_nygc/output/reduced/PRJEB36890.698/HG01103_ERR3988840.fasta.gz
PR28	HG01082	0	0	1	PUR	AMR	/gpfs/project/projects/medbioinf/data/illumina_nygc/output/reduced/PRJEB31736.2504/HG01082_ERR3241814.fasta.gz
PR28	HG01083	0	0	2	PUR	AMR	/gpfs/project/projects/medbioinf/data/illumina_nygc/output/reduced/PRJEB31736.2504/HG01083_ERR3241815.fasta.gz
PR28	HG01084	HG01082	HG01083	2	PUR	AMR	/gpfs/project/projects/medbioinf/data/illumina_nygc/output/reduced/PRJEB36890.698/HG01084_ERR3988835.fasta.gz
PR39	HG01167	0	0	1	PUR	AMR	/gpfs/project/projects/medbioinf/data/illumina_nygc/output/reduced/PRJEB31736.2504/HG01167_ERR3241840.fasta.gz
PR39	HG01168	0	0	2	PUR	AMR	/gpfs/project/projects/medbioinf/data/illumina_nygc/output/reduced/PRJEB31736.2504/HG01168_ERR3241841.fasta.gz
PR39	HG01169	HG01167	HG01168	2	PUR	AMR	/gpfs/project/projects/medbioinf/data/illumina_nygc/output/reduced/PRJEB36890.698/HG01169_ERR3988849.fasta.gz
SH001	HG00403	0	0	1	CHS	EAS	/gpfs/project/projects/medbioinf/data/illumina_nygc/output/reduced/PRJEB31736.2504/HG00403_ERR3241665.fasta.gz
SH001	HG00404	0	0	2	CHS	EAS	/gpfs/project/projects/medbioinf/data/illumina_nygc/output/reduced/PRJEB31736.2504/HG00404_ERR3241666.fasta.gz
SH001	HG00405	HG00403	HG00404	2	CHS	EAS	/gpfs/project/projects/medbioinf/data/illumina_nygc/output/reduced/PRJEB36890.698/HG00405_ERR3988761.fasta.gz
SH009	HG00427	0	0	1	CHS	EAS	/gpfs/project/projects/medbioinf/data/illumina_nygc/output/reduced/PRJEB36890.698/HG00427_ERR3988766.fasta.gz
SH009	HG00428	0	0	2	CHS	EAS	/gpfs/project/projects/medbioinf/data/illumina_nygc/output/reduced/PRJEB31736.2504/HG00428_ERR3241672.fasta.gz
SH009	HG00429	HG00427	HG00428	1	CHS	EAS	/gpfs/project/projects/medbioinf/data/illumina_nygc/output/reduced/PRJEB36890.698/HG00429_ERR3988767.fasta.gz
SH012	HG00436	0	0	1	CHS	EAS	/gpfs/project/projects/medbioinf/data/illumina_nygc/output/reduced/PRJEB31736.2504/HG00436_ERR3241673.fasta.gz
SH012	HG00437	0	0	2	CHS	EAS	/gpfs/project/projects/medbioinf/data/illumina_nygc/output/reduced/PRJEB31736.2504/HG00437_ERR3241674.fasta.gz
SH012	HG00438	HG00436	HG00437	2	CHS	EAS	/gpfs/project/projects/medbioinf/data/illumina_nygc/output/reduced/PRJEB36890.698/HG00438_ERR3988768.fasta.gz
SH025	HG00475	0	0	1	CHS	EAS	/gpfs/project/projects/medbioinf/data/illumina_nygc/output/reduced/PRJEB31736.2504/HG00475_ERR3241679.fasta.gz
SH025	HG00476	0	0	2	CHS	EAS	/gpfs/project/projects/medbioinf/data/illumina_nygc/output/reduced/PRJEB31736.2504/HG00476_ERR3241680.fasta.gz
SH025	HG00477	HG00475	HG00476	1	CHS	EAS	/gpfs/project/projects/medbioinf/data/illumina_nygc/output/reduced/PRJEB36890.698/HG00477_ERR3988776.fasta.gz
SH042	HG00542	0	0	1	CHS	EAS	/gpfs/project/projects/medbioinf/data/illumina_nygc/output/reduced/PRJEB31736.2504/HG00542_ERR3241693.fasta.gz
SH042	HG00543	0	0	2	CHS	EAS	/gpfs/project/projects/medbioinf/data/illumina_nygc/output/reduced/PRJEB31736.2504/HG00543_ERR3241694.fasta.gz
SH042	HG00544	HG00542	HG00543	2	CHS	EAS	/gpfs/project/projects/medbioinf/data/illumina_nygc/output/reduced/PRJEB36890.698/HG00544_ERR3988786.fasta.gz
SH045	HG00556	0	0	1	CHS	EAS	/gpfs/project/projects/medbioinf/data/illumina_nygc/output/reduced/PRJEB31736.2504/HG00556_ERR3241697.fasta.gz
SH045	HG00557	0	0	2	CHS	EAS	/gpfs/project/projects/medbioinf/data/illumina_nygc/output/reduced/PRJEB31736.2504/HG00557_ERR3241698.fasta.gz
SH045	HG00558	HG00556	HG00557	2	CHS	EAS	/gpfs/project/projects/medbioinf/data/illumina_nygc/output/reduced/PRJEB36890.698/HG00558_ERR3988789.fasta.gz
SH053	HG00580	0	0	1	CHS	EAS	/gpfs/project/projects/medbioinf/data/illumina_nygc/output/reduced/PRJEB31736.2504/HG00580_ERR3241703.fasta.gz
SH053	HG00581	0	0	2	CHS	EAS	/gpfs/project/projects/medbioinf/data/illumina_nygc/output/reduced/PRJEB31736.2504/HG00581_ERR3241704.fasta.gz
SH053	HG00582	HG00580	HG00581	2	CHS	EAS	/gpfs/project/projects/medbioinf/data/illumina_nygc/output/reduced/PRJEB36890.698/HG00582_ERR3988795.fasta.gz
SH066	HG00619	0	0	1	CHS	EAS	/gpfs/project/projects/medbioinf/data/illumina_nygc/output/reduced/PRJEB31736.2504/HG00619_ERR3241719.fasta.gz
SH066	HG00620	0	0	2	CHS	EAS	/gpfs/project/projects/medbioinf/data/illumina_nygc/output/reduced/PRJEB31736.2504/HG00620_ERR3241720.fasta.gz
SH066	HG00621	HG00619	HG00620	1	CHS	EAS	/gpfs/project/projects/medbioinf/data/illumina_nygc/output/reduced/PRJEB36890.698/HG00621_ERR3988803.fasta.gz
SH069	HG00628	0	0	1	CHS	EAS	/gpfs/project/projects/medbioinf/data/illumina_nygc/output/reduced/PRJEB31736.2504/HG00628_ERR3241723.fasta.gz
SH069	HG00629	0	0	2	CHS	EAS	/gpfs/project/projects/medbioinf/data/illumina_nygc/output/reduced/PRJEB31736.2504/HG00629_ERR3241724.fasta.gz
SH069	HG00630	HG00628	HG00629	1	CHS	EAS	/gpfs/project/projects/medbioinf/data/illumina_nygc/output/reduced/PRJEB36890.698/HG00630_ERR3988805.fasta.gz
SH072	HG00650	0	0	1	CHS	EAS	/gpfs/project/projects/medbioinf/data/illumina_nygc/output/reduced/PRJEB31736.2504/HG00650_ERR3241730.fasta.gz
SH072	HG00651	0	0	2	CHS	EAS	/gpfs/project/projects/medbioinf/data/illumina_nygc/output/reduced/PRJEB31736.2504/HG00651_ERR3241731.fasta.gz
SH072	HG00652	HG00650	HG00651	2	CHS	EAS	/gpfs/project/projects/medbioinf/data/illumina_nygc/output/reduced/PRJEB36890.698/HG00652_ERR3988810.fasta.gz
SH074xSH089	HG00701	0	0	1	CHS	EAS	/gpfs/project/projects/medbioinf/data/illumina_nygc/output/reduced/PRJEB31736.2504/HG00701_ERR3241748.fasta.gz
SH074xSH089	HG00702	0	0	2	CHS	EAS	/gpfs/project/projects/medbioinf/data/illumina_nygc/output/reduced/PRJEB36890.698/HG00702_ERR3988819.fasta.gz
SH074xSH089	HG00703	HG00701	HG00702	1	CHS	EAS	/gpfs/project/projects/medbioinf/data/illumina_nygc/output/reduced/PRJEB36890.698/HG00703_ERR3988820.fasta.gz
SH083	HG00683	0	0	1	CHS	EAS	/gpfs/project/projects/medbioinf/data/illumina_nygc/output/reduced/PRJEB31736.2504/HG00683_ERR3241740.fasta.gz
SH083	HG00684	0	0	2	CHS	EAS	/gpfs/project/projects/medbioinf/data/illumina_nygc/output/reduced/PRJEB31736.2504/HG00684_ERR3241741.fasta.gz
SH083	HG00685	HG00683	HG00684	1	CHS	EAS	/gpfs/project/projects/medbioinf/data/illumina_nygc/output/reduced/PRJEB36890.698/HG00685_ERR3988815.fasta.gz
SH085	HG00689	0	0	1	CHS	EAS	/gpfs/project/projects/medbioinf/data/illumina_nygc/output/reduced/PRJEB31736.2504/HG00689_ERR3241742.fasta.gz
SH085	HG00690	0	0	2	CHS	EAS	/gpfs/project/projects/medbioinf/data/illumina_nygc/output/reduced/PRJEB31736.2504/HG00690_ERR3241743.fasta.gz
SH085	HG00691	HG00689	HG00690	1	CHS	EAS	/gpfs/project/projects/medbioinf/data/illumina_nygc/output/reduced/PRJEB36890.698/HG00691_ERR3988816.fasta.gz
SH090	HG00704	0	0	1	CHS	EAS	/gpfs/project/projects/medbioinf/data/illumina_nygc/output/reduced/PRJEB31736.2504/HG00704_ERR3241749.fasta.gz
SH090	HG00705	0	0	2	CHS	EAS	/gpfs/project/projects/medbioinf/data/illumina_nygc/output/reduced/PRJEB31736.2504/HG00705_ERR3241750.fasta.gz
SH090	HG00706	HG00704	HG00705	1	CHS	EAS	/gpfs/project/projects/medbioinf/data/illumina_nygc/output/reduced/PRJEB36890.698/HG00706_ERR3988821.fasta.gz
VN046	HG02015	HG02017	HG02016	1	KHV	EAS	/gpfs/project/projects/medbioinf/data/illumina_nygc/output/reduced/PRJEB36890.698/HG02015_ERR3988974.fasta.gz
VN046	HG02016	0	0	2	KHV	EAS	/gpfs/project/projects/medbioinf/data/illumina_nygc/output/reduced/PRJEB31736.2504/HG02016_ERR3242037.fasta.gz
VN046	HG02017	0	0	1	KHV	EAS	/gpfs/project/projects/medbioinf/data/illumina_nygc/output/reduced/PRJEB31736.2504/HG02017_ERR3242036.fasta.gz
VN047	HG02018	HG02020	HG02019	2	KHV	EAS	/gpfs/project/projects/medbioinf/data/illumina_nygc/output/reduced/PRJEB36890.698/HG02018_ERR3988975.fasta.gz
VN047	HG02019	0	0	2	KHV	EAS	/gpfs/project/projects/medbioinf/data/illumina_nygc/output/reduced/PRJEB31736.2504/HG02019_ERR3242039.fasta.gz
VN047	HG02020	0	0	1	KHV	EAS	/gpfs/project/projects/medbioinf/data/illumina_nygc/output/reduced/PRJEB31736.2504/HG02020_ERR3242038.fasta.gz
VN051	HG02030	HG02032	HG02031	1	KHV	EAS	/gpfs/project/projects/medbioinf/data/illumina_nygc/output/reduced/PRJEB36890.698/HG02030_ERR3988978.fasta.gz
VN051	HG02031	0	0	2	KHV	EAS	/gpfs/project/projects/medbioinf/data/illumina_nygc/output/reduced/PRJEB31736.2504/HG02031_ERR3242258.fasta.gz
VN051	HG02032	0	0	1	KHV	EAS	/gpfs/project/projects/medbioinf/data/illumina_nygc/output/reduced/PRJEB31736.2504/HG02032_ERR3242257.fasta.gz
VN061	HG02059	HG02061	HG02060	2	KHV	EAS	/gpfs/project/projects/medbioinf/data/illumina_nygc/output/reduced/PRJEB36890.698/HG02059_ERR3988981.fasta.gz
VN061	HG02060	0	0	2	KHV	EAS	/gpfs/project/projects/medbioinf/data/illumina_nygc/output/reduced/PRJEB31736.2504/HG02060_ERR3242345.fasta.gz
VN061	HG02061	0	0	1	KHV	EAS	/gpfs/project/projects/medbioinf/data/illumina_nygc/output/reduced/PRJEB31736.2504/HG02061_ERR3242344.fasta.gz
VN076	HG02120	HG02122	HG02121	1	KHV	EAS	/gpfs/project/projects/medbioinf/data/illumina_nygc/output/reduced/PRJEB36890.698/HG02120_ERR3988990.fasta.gz
VN076	HG02121	0	0	2	KHV	EAS	/gpfs/project/projects/medbioinf/data/illumina_nygc/output/reduced/PRJEB31736.2504/HG02121_ERR3242211.fasta.gz
VN076	HG02122	0	0	1	KHV	EAS	/gpfs/project/projects/medbioinf/data/illumina_nygc/output/reduced/PRJEB31736.2504/HG02122_ERR3242210.fasta.gz
VN078	HG02126	HG02128	HG02127	2	KHV	EAS	/gpfs/project/projects/medbioinf/data/illumina_nygc/output/reduced/PRJEB36890.698/HG02126_ERR3988991.fasta.gz
VN078	HG02127	0	0	2	KHV	EAS	/gpfs/project/projects/medbioinf/data/illumina_nygc/output/reduced/PRJEB31736.2504/HG02127_ERR3242213.fasta.gz
VN078	HG02128	0	0	1	KHV	EAS	/gpfs/project/projects/medbioinf/data/illumina_nygc/output/reduced/PRJEB31736.2504/HG02128_ERR3242212.fasta.gz
13281	NA12344	NA12347	NA12348	1	CEU	EUR	/gpfs/project/projects/medbioinf/data/illumina_nygc/output/reduced/PRJEB36890.698/NA12344_ERR3989321.fasta.gz
13281	NA12347	0	0	1	CEU	EUR	/gpfs/project/projects/medbioinf/data/illumina_nygc/output/reduced/PRJEB31736.2504/NA12347_ERR3239474.fasta.gz
13281	NA12348	0	0	2	CEU	EUR	/gpfs/project/projects/medbioinf/data/illumina_nygc/output/reduced/PRJEB31736.2504/NA12348_ERR3239475.fasta.gz
1346	NA12043	0	0	1	CEU	EUR	/gpfs/project/projects/medbioinf/data/illumina_nygc/output/reduced/PRJEB31736.2504/NA12043_ERR3239304.fasta.gz
1346	NA12044	0	0	2	CEU	EUR	/gpfs/project/projects/medbioinf/data/illumina_nygc/output/reduced/PRJEB31736.2504/NA12044_ERR3239305.fasta.gz
1346B	NA10857	NA12043	NA12044	1	CEU	EUR	/gpfs/project/projects/medbioinf/data/illumina_nygc/output/reduced/PRJEB36890.698/NA10857_ERR3989296.fasta.gz
1354	NA12386	NA12399	NA12400	2	CEU	EUR	/gpfs/project/projects/medbioinf/data/illumina_nygc/output/reduced/PRJEB36890.698/NA12386_ERR3989323.fasta.gz
1354	NA12399	0	0	1	CEU	EUR	/gpfs/project/projects/medbioinf/data/illumina_nygc/output/reduced/PRJEB31736.2504/NA12399_ERR3239477.fasta.gz
1354	NA12400	0	0	2	CEU	EUR	/gpfs/project/projects/medbioinf/data/illumina_nygc/output/reduced/PRJEB31736.2504/NA12400_ERR3239478.fasta.gz
1375	NA10863	NA12264	NA12234	2	CEU	EUR	/gpfs/project/projects/medbioinf/data/illumina_nygc/output/reduced/PRJEB36890.698/NA10863_ERR3989300.fasta.gz
1375	NA12234	0	0	2	CEU	EUR	/gpfs/project/projects/medbioinf/data/illumina_nygc/output/reduced/PRJEB31736.2504/NA12234_ERR3239311.fasta.gz
1375	NA12264	0	0	1	CEU	EUR	/gpfs/project/projects/medbioinf/data/illumina_nygc/output/reduced/PRJEB36890.698/NA12264_ERR3989315.fasta.gz
1408	NA12155	0	0	1	CEU	EUR	/gpfs/project/projects/medbioinf/data/illumina_nygc/output/reduced/PRJEB31736.2504/NA12155_ERR3239309.fasta.gz
1408	NA12156	0	0	2	CEU	EUR	/gpfs/project/projects/medbioinf/data/illumina_nygc/output/reduced/PRJEB31736.2504/NA12156_ERR3239310.fasta.gz
1408B	NA10831	NA12155	NA12156	2	CEU	EUR	/gpfs/project/projects/medbioinf/data/illumina_nygc/output/reduced/PRJEB36890.698/NA10831_ERR3989281.fasta.gz
1420	NA12003	0	0	1	CEU	EUR	/gpfs/project/projects/medbioinf/data/illumina_nygc/output/reduced/PRJEB31736.2504/NA12003_ERR3239300.fasta.gz
1420	NA12004	0	0	2	CEU	EUR	/gpfs/project/projects/medbioinf/data/illumina_nygc/output/reduced/PRJEB31736.2504/NA12004_ERR3239301.fasta.gz
1420A	NA10838	NA12003	NA12004	1	CEU	EUR	/gpfs/project/projects/medbioinf/data/illumina_nygc/output/reduced/PRJEB36890.698/NA10838_ERR3989285.fasta.gz
1444	NA12748	0	0	1	CEU	EUR	/gpfs/project/projects/medbioinf/data/illumina_nygc/output/reduced/PRJEB31736.2504/NA12748_ERR3239481.fasta.gz
1444	NA12749	0	0	2	CEU	EUR	/gpfs/project/projects/medbioinf/data/illumina_nygc/output/reduced/PRJEB31736.2504/NA12749_ERR3239318.fasta.gz
1444A	NA12739	NA12748	NA12749	1	CEU	EUR	/gpfs/project/projects/medbioinf/data/illumina_nygc/output/reduced/PRJEB36890.698/NA12739_ERR3989326.fasta.gz
1447	NA12762	0	0	1	CEU	EUR	/gpfs/project/projects/medbioinf/data/illumina_nygc/output/reduced/PRJEB31736.2504/NA12762_ERR3239323.fasta.gz
1447	NA12763	0	0	2	CEU	EUR	/gpfs/project/projects/medbioinf/data/illumina_nygc/output/reduced/PRJEB31736.2504/NA12763_ERR3239324.fasta.gz
1447B	NA12753	NA12762	NA12763	2	CEU	EUR	/gpfs/project/projects/medbioinf/data/illumina_nygc/output/reduced/PRJEB36890.698/NA12753_ERR3989329.fasta.gz
1459	NA12872	0	0	1	CEU	EUR	/gpfs/project/projects/medbioinf/data/illumina_nygc/output/reduced/PRJEB31736.2504/NA12872_ERR3239331.fasta.gz
1459	NA12873	0	0	2	CEU	EUR	/gpfs/project/projects/medbioinf/data/illumina_nygc/output/reduced/PRJEB31736.2504/NA12873_ERR3239332.fasta.gz
1459A	NA12864	NA12872	NA12873	1	CEU	EUR	/gpfs/project/projects/medbioinf/data/illumina_nygc/output/reduced/PRJEB36890.698/NA12864_ERR3989337.fasta.gz
IBS008	HG01521	0	0	1	IBS	EUR	/gpfs/project/projects/medbioinf/data/illumina_nygc/output/reduced/PRJEB31736.2504/HG01521_ERR3241930.fasta.gz
IBS008	HG01522	0	0	2	IBS	EUR	/gpfs/project/projects/medbioinf/data/illumina_nygc/output/reduced/PRJEB31736.2504/HG01522_ERR3241931.fasta.gz
IBS008	HG01523	HG01521	HG01522	1	IBS	EUR	/gpfs/project/projects/medbioinf/data/illumina_nygc/output/reduced/PRJEB36890.698/HG01523_ERR3988898.fasta.gz
IBS019	HG01616	HG01617	HG01618	2	IBS	EUR	/gpfs/project/projects/medbioinf/data/illumina_nygc/output/reduced/PRJEB36890.698/HG01616_ERR3988912.fasta.gz
IBS019	HG01617	0	0	1	IBS	EUR	/gpfs/project/projects/medbioinf/data/illumina_nygc/output/reduced/PRJEB31736.2504/HG01617_ERR3241952.fasta.gz
IBS019	HG01618	0	0	2	IBS	EUR	/gpfs/project/projects/medbioinf/data/illumina_nygc/output/reduced/PRJEB31736.2504/HG01618_ERR3241953.fasta.gz
IBS030	HG01682	0	0	1	IBS	EUR	/gpfs/project/projects/medbioinf/data/illumina_nygc/output/reduced/PRJEB31736.2504/HG01682_ERR3241974.fasta.gz
IBS030	HG01683	HG01682	HG01684	1	IBS	EUR	/gpfs/project/projects/medbioinf/data/illumina_nygc/output/reduced/PRJEB36890.698/HG01683_ERR3988923.fasta.gz
IBS030	HG01684	0	0	2	IBS	EUR	/gpfs/project/projects/medbioinf/data/illumina_nygc/output/reduced/PRJEB31736.2504/HG01684_ERR3241975.fasta.gz
IBS034	HG01694	0	0	1	IBS	EUR	/gpfs/project/projects/medbioinf/data/illumina_nygc/output/reduced/PRJEB31736.2504/HG01694_ERR3242110.fasta.gz
IBS034	HG01695	0	0	2	IBS	EUR	/gpfs/project/projects/medbioinf/data/illumina_nygc/output/reduced/PRJEB31736.2504/HG01695_ERR3242111.fasta.gz
IBS034	HG01696	HG01694	HG01695	1	IBS	EUR	/gpfs/project/projects/medbioinf/data/illumina_nygc/output/reduced/PRJEB36890.698/HG01696_ERR3988925.fasta.gz
IBS039	HG01709	0	0	1	IBS	EUR	/gpfs/project/projects/medbioinf/data/illumina_nygc/output/reduced/PRJEB31736.2504/HG01709_ERR3242112.fasta.gz
IBS039	HG01710	0	0	2	IBS	EUR	/gpfs/project/projects/medbioinf/data/illumina_nygc/output/reduced/PRJEB31736.2504/HG01710_ERR3242113.fasta.gz
IBS039	HG01711	HG01709	HG01710	2	IBS	EUR	/gpfs/project/projects/medbioinf/data/illumina_nygc/output/reduced/PRJEB36890.698/HG01711_ERR3988930.fasta.gz
IBS050	HG01773	0	0	2	IBS	EUR	/gpfs/project/projects/medbioinf/data/illumina_nygc/output/reduced/PRJEB31736.2504/HG01773_ERR3242123.fasta.gz
IBS050	HG01774	HG01775	HG01773	1	IBS	EUR	/gpfs/project/projects/medbioinf/data/illumina_nygc/output/reduced/PRJEB36890.698/HG01774_ERR3988935.fasta.gz
IBS050	HG01775	0	0	1	IBS	EUR	/gpfs/project/projects/medbioinf/data/illumina_nygc/output/reduced/PRJEB31736.2504/HG01775_ERR3242122.fasta.gz
IBS051	HG01776	0	0	2	IBS	EUR	/gpfs/project/projects/medbioinf/data/illumina_nygc/output/reduced/PRJEB31736.2504/HG01776_ERR3242125.fasta.gz
IBS051	HG01777	0	0	1	IBS	EUR	/gpfs/project/projects/medbioinf/data/illumina_nygc/output/reduced/PRJEB31736.2504/HG01777_ERR3242124.fasta.gz
IBS051	HG01778	HG01777	HG01776	1	IBS	EUR	/gpfs/project/projects/medbioinf/data/illumina_nygc/output/reduced/PRJEB36890.698/HG01778_ERR3988936.fasta.gz
IBS053	HG01782	HG01783	HG01784	2	IBS	EUR	/gpfs/project/projects/medbioinf/data/illumina_nygc/output/reduced/PRJEB36890.698/HG01782_ERR3988938.fasta.gz
IBS053	HG01783	0	0	1	IBS	EUR	/gpfs/project/projects/medbioinf/data/illumina_nygc/output/reduced/PRJEB31736.2504/HG01783_ERR3242202.fasta.gz
IBS053	HG01784	0	0	2	IBS	EUR	/gpfs/project/projects/medbioinf/data/illumina_nygc/output/reduced/PRJEB31736.2504/HG01784_ERR3242203.fasta.gz
IBS060	HG02232	0	0	2	IBS	EUR	/gpfs/project/projects/medbioinf/data/illumina_nygc/output/reduced/PRJEB31736.2504/HG02232_ERR3242291.fasta.gz
IBS060	HG02233	0	0	1	IBS	EUR	/gpfs/project/projects/medbioinf/data/illumina_nygc/output/reduced/PRJEB31736.2504/HG02233_ERR3242290.fasta.gz
IBS060	HG02234	HG02233	HG02232	1	IBS	EUR	/gpfs/project/projects/medbioinf/data/illumina_nygc/output/reduced/PRJEB36890.698/HG02234_ERR3989000.fasta.gz
IBS061	HG02235	0	0	2	IBS	EUR	/gpfs/project/projects/medbioinf/data/illumina_nygc/output/reduced/PRJEB31736.2504/HG02235_ERR3242207.fasta.gz
IBS061	HG02236	0	0	1	IBS	EUR	/gpfs/project/projects/medbioinf/data/illumina_nygc/output/reduced/PRJEB31736.2504/HG02236_ERR3242206.fasta.gz
IBS061	HG02237	HG02236	HG02235	2	IBS	EUR	/gpfs/project/projects/medbioinf/data/illumina_nygc/output/reduced/PRJEB36890.698/HG02237_ERR3989001.fasta.gz
IBS062	HG02238	0	0	1	IBS	EUR	/gpfs/project/projects/medbioinf/data/illumina_nygc/output/reduced/PRJEB31736.2504/HG02238_ERR3242255.fasta.gz
IBS062	HG02239	0	0	2	IBS	EUR	/gpfs/project/projects/medbioinf/data/illumina_nygc/output/reduced/PRJEB31736.2504/HG02239_ERR3242256.fasta.gz
IBS062	HG02240	HG02238	HG02239	2	IBS	EUR	/gpfs/project/projects/medbioinf/data/illumina_nygc/output/reduced/PRJEB36890.698/HG02240_ERR3989002.fasta.gz
BD22	HG03814	0	0	2	BEB	SAS	/gpfs/project/projects/medbioinf/data/illumina_nygc/output/reduced/PRJEB31736.2504/HG03814_ERR3242652.fasta.gz
BD22	HG03815	0	0	1	BEB	SAS	/gpfs/project/projects/medbioinf/data/illumina_nygc/output/reduced/PRJEB31736.2504/HG03815_ERR3242651.fasta.gz
BD22	HG03816	HG03815	HG03814	2	BEB	SAS	/gpfs/project/projects/medbioinf/data/illumina_nygc/output/reduced/PRJEB36890.698/HG03816_ERR3989222.fasta.gz
BD27	HG03829	0	0	2	BEB	SAS	/gpfs/project/projects/medbioinf/data/illumina_nygc/output/reduced/PRJEB31736.2504/HG03829_ERR3242657.fasta.gz
BD27	HG03830	0	0	1	BEB	SAS	/gpfs/project/projects/medbioinf/data/illumina_nygc/output/reduced/PRJEB31736.2504/HG03830_ERR3242656.fasta.gz
BD27	HG03831	HG03830	HG03829	2	BEB	SAS	/gpfs/project/projects/medbioinf/data/illumina_nygc/output/reduced/PRJEB36890.698/HG03831_ERR3989224.fasta.gz
BD28	HG03832	0	0	2	BEB	SAS	/gpfs/project/projects/medbioinf/data/illumina_nygc/output/reduced/PRJEB31736.2504/HG03832_ERR3242659.fasta.gz
BD28	HG03833	0	0	1	BEB	SAS	/gpfs/project/projects/medbioinf/data/illumina_nygc/output/reduced/PRJEB31736.2504/HG03833_ERR3242658.fasta.gz
BD28	HG03834	HG03833	HG03832	2	BEB	SAS	/gpfs/project/projects/medbioinf/data/illumina_nygc/output/reduced/PRJEB36890.698/HG03834_ERR3989225.fasta.gz
BD33	HG03913	0	0	2	BEB	SAS	/gpfs/project/projects/medbioinf/data/illumina_nygc/output/reduced/PRJEB31736.2504/HG03913_ERR3242661.fasta.gz
BD33	HG03914	0	0	1	BEB	SAS	/gpfs/project/projects/medbioinf/data/illumina_nygc/output/reduced/PRJEB31736.2504/HG03914_ERR3242660.fasta.gz
BD33	HG03915	HG03914	HG03913	2	BEB	SAS	/gpfs/project/projects/medbioinf/data/illumina_nygc/output/reduced/PRJEB36890.698/HG03915_ERR3989229.fasta.gz
BD38	HG03928	0	0	2	BEB	SAS	/gpfs/project/projects/medbioinf/data/illumina_nygc/output/reduced/PRJEB31736.2504/HG03928_ERR3242852.fasta.gz
BD38	HG03929	0	0	1	BEB	SAS	/gpfs/project/projects/medbioinf/data/illumina_nygc/output/reduced/PRJEB36890.698/HG03929_ERR3989231.fasta.gz
BD38	HG03930	HG03929	HG03928	2	BEB	SAS	/gpfs/project/projects/medbioinf/data/illumina_nygc/output/reduced/PRJEB36890.698/HG03930_ERR3989232.fasta.gz
BD49	HG04146	0	0	1	BEB	SAS	/gpfs/project/projects/medbioinf/data/illumina_nygc/output/reduced/PRJEB31736.2504/HG04146_ERR3242857.fasta.gz
BD49	HG04147	0	0	2	BEB	SAS	/gpfs/project/projects/medbioinf/data/illumina_nygc/output/reduced/PRJEB36890.698/HG04147_ERR3989244.fasta.gz
BD49	HG04148	HG04146	HG04147	2	BEB	SAS	/gpfs/project/projects/medbioinf/data/illumina_nygc/output/reduced/PRJEB36890.698/HG04148_ERR3989245.fasta.gz
BD50	HG04149	0	0	1	BEB	SAS	/gpfs/project/projects/medbioinf/data/illumina_nygc/output/reduced/PRJEB36890.698/HG04149_ERR3989246.fasta.gz
BD50	HG04150	0	0	2	BEB	SAS	/gpfs/project/projects/medbioinf/data/illumina_nygc/output/reduced/PRJEB36890.698/HG04150_ERR3989247.fasta.gz
BD50	HG04151	HG04149	HG04150	2	BEB	SAS	/gpfs/project/projects/medbioinf/data/illumina_nygc/output/reduced/PRJEB36890.698/HG04151_ERR3989248.fasta.gz
BD52	HG04155	0	0	1	BEB	SAS	/gpfs/project/projects/medbioinf/data/illumina_nygc/output/reduced/PRJEB31736.2504/HG04155_ERR3242664.fasta.gz
BD52	HG04156	0	0	2	BEB	SAS	/gpfs/project/projects/medbioinf/data/illumina_nygc/output/reduced/PRJEB31736.2504/HG04156_ERR3242665.fasta.gz
BD52	HG04157	HG04155	HG04156	1	BEB	SAS	/gpfs/project/projects/medbioinf/data/illumina_nygc/output/reduced/PRJEB36890.698/HG04157_ERR3989249.fasta.gz
BD64	HG04191	0	0	1	BEB	SAS	/gpfs/project/projects/medbioinf/data/illumina_nygc/output/reduced/PRJEB36890.698/HG04191_ERR3989255.fasta.gz
BD64	HG04192	0	0	2	BEB	SAS	/gpfs/project/projects/medbioinf/data/illumina_nygc/output/reduced/PRJEB36890.698/HG04192_ERR3989256.fasta.gz
BD64	HG04193	HG04191	HG04192	1	BEB	SAS	/gpfs/project/projects/medbioinf/data/illumina_nygc/output/reduced/PRJEB36890.698/HG04193_ERR3989257.fasta.gz
BD7	HG03594	0	0	1	BEB	SAS	/gpfs/project/projects/medbioinf/data/illumina_nygc/output/reduced/PRJEB31736.2504/HG03594_ERR3242838.fasta.gz
BD7	HG03595	0	0	2	BEB	SAS	/gpfs/project/projects/medbioinf/data/illumina_nygc/output/reduced/PRJEB31736.2504/HG03595_ERR3242839.fasta.gz
BD7	HG03596	HG03594	HG03595	1	BEB	SAS	/gpfs/project/projects/medbioinf/data/illumina_nygc/output/reduced/PRJEB36890.698/HG03596_ERR3989183.fasta.gz
PK10	HG02603	0	0	1	PJL	SAS	/gpfs/project/projects/medbioinf/data/illumina_nygc/output/reduced/PRJEB31736.2504/HG02603_ERR3242401.fasta.gz
PK10	HG02604	0	0	2	PJL	SAS	/gpfs/project/projects/medbioinf/data/illumina_nygc/output/reduced/PRJEB31736.2504/HG02604_ERR3242402.fasta.gz
PK10	HG02605	HG02603	HG02604	2	PJL	SAS	/gpfs/project/projects/medbioinf/data/illumina_nygc/output/reduced/PRJEB36890.698/HG02605_ERR3989035.fasta.gz
PK12	HG02651	0	0	1	PJL	SAS	/gpfs/project/projects/medbioinf/data/illumina_nygc/output/reduced/PRJEB31736.2504/HG02651_ERR3243013.fasta.gz
PK12	HG02652	0	0	2	PJL	SAS	/gpfs/project/projects/medbioinf/data/illumina_nygc/output/reduced/PRJEB31736.2504/HG02652_ERR3243014.fasta.gz
PK12	HG02653	HG02651	HG02652	2	PJL	SAS	/gpfs/project/projects/medbioinf/data/illumina_nygc/output/reduced/PRJEB36890.698/HG02653_ERR3989045.fasta.gz
PK13	HG02654	0	0	1	PJL	SAS	/gpfs/project/projects/medbioinf/data/illumina_nygc/output/reduced/PRJEB31736.2504/HG02654_ERR3242403.fasta.gz
PK13	HG02655	0	0	2	PJL	SAS	/gpfs/project/projects/medbioinf/data/illumina_nygc/output/reduced/PRJEB31736.2504/HG02655_ERR3242404.fasta.gz
PK13	HG02656	HG02654	HG02655	1	PJL	SAS	/gpfs/project/projects/medbioinf/data/illumina_nygc/output/reduced/PRJEB36890.698/HG02656_ERR3989046.fasta.gz
PK19	HG02690	0	0	1	PJL	SAS	/gpfs/project/projects/medbioinf/data/illumina_nygc/output/reduced/PRJEB31736.2504/HG02690_ERR3243017.fasta.gz
PK19	HG02691	0	0	2	PJL	SAS	/gpfs/project/projects/medbioinf/data/illumina_nygc/output/reduced/PRJEB31736.2504/HG02691_ERR3243018.fasta.gz
PK19	HG02692	HG02690	HG02691	2	PJL	SAS	/gpfs/project/projects/medbioinf/data/illumina_nygc/output/reduced/PRJEB36890.698/HG02692_ERR3989055.fasta.gz
PK26	HG02733	0	0	1	PJL	SAS	/gpfs/project/projects/medbioinf/data/illumina_nygc/output/reduced/PRJEB31736.2504/HG02733_ERR3242415.fasta.gz
PK26	HG02734	0	0	2	PJL	SAS	/gpfs/project/projects/medbioinf/data/illumina_nygc/output/reduced/PRJEB31736.2504/HG02734_ERR3242416.fasta.gz
PK26	HG02735	HG02733	HG02734	1	PJL	SAS	/gpfs/project/projects/medbioinf/data/illumina_nygc/output/reduced/PRJEB36890.698/HG02735_ERR3989063.fasta.gz
PK27	HG02736	0	0	1	PJL	SAS	/gpfs/project/projects/medbioinf/data/illumina_nygc/output/reduced/PRJEB31736.2504/HG02736_ERR3243021.fasta.gz
PK27	HG02737	0	0	2	PJL	SAS	/gpfs/project/projects/medbioinf/data/illumina_nygc/output/reduced/PRJEB31736.2504/HG02737_ERR3243022.fasta.gz
PK27	HG02738	HG02736	HG02737	1	PJL	SAS	/gpfs/project/projects/medbioinf/data/illumina_nygc/output/reduced/PRJEB36890.698/HG02738_ERR3989064.fasta.gz
PK62	HG03708	0	0	1	PJL	SAS	/gpfs/project/projects/medbioinf/data/illumina_nygc/output/reduced/PRJEB31736.2504/HG03708_ERR3242640.fasta.gz
PK62	HG03709	0	0	2	PJL	SAS	/gpfs/project/projects/medbioinf/data/illumina_nygc/output/reduced/PRJEB31736.2504/HG03709_ERR3242641.fasta.gz
PK62	HG03710	HG03708	HG03709	1	PJL	SAS	/gpfs/project/projects/medbioinf/data/illumina_nygc/output/reduced/PRJEB36890.698/HG03710_ERR3989206.fasta.gz
ST016	HG03688	HG03885	HG03886	1	STU	SAS	/gpfs/project/projects/medbioinf/data/illumina_nygc/output/reduced/PRJEB36890.698/HG03688_ERR3989200.fasta.gz
ST016	HG03885	0	0	1	STU	SAS	/gpfs/project/projects/medbioinf/data/illumina_nygc/output/reduced/PRJEB31736.2504/HG03885_ERR3242672.fasta.gz
ST016	HG03886	0	0	2	STU	SAS	/gpfs/project/projects/medbioinf/data/illumina_nygc/output/reduced/PRJEB31736.2504/HG03886_ERR3242673.fasta.gz
ST111	HG03894	0	0	2	STU	SAS	/gpfs/project/projects/medbioinf/data/illumina_nygc/output/reduced/PRJEB31736.2504/HG03894_ERR3242865.fasta.gz
ST111	HG03896	0	0	1	STU	SAS	/gpfs/project/projects/medbioinf/data/illumina_nygc/output/reduced/PRJEB31736.2504/HG03896_ERR3242694.fasta.gz
ST111	HG04115	HG03896	HG03894	1	STU	SAS	/gpfs/project/projects/medbioinf/data/illumina_nygc/output/reduced/PRJEB36890.698/HG04115_ERR3989236.fasta.gz
ST116	HG03943	0	0	1	STU	SAS	/gpfs/project/projects/medbioinf/data/illumina_nygc/output/reduced/PRJEB31736.2504/HG03943_ERR3242697.fasta.gz
ST116	HG03944	0	0	2	STU	SAS	/gpfs/project/projects/medbioinf/data/illumina_nygc/output/reduced/PRJEB31736.2504/HG03944_ERR3242867.fasta.gz
ST116	HG04036	HG03943	HG03944	2	STU	SAS	/gpfs/project/projects/medbioinf/data/illumina_nygc/output/reduced/PRJEB36890.698/HG04036_ERR3989235.fasta.gz
BB05	HG01891	0	0	2	ACB	AFR	/gpfs/project/projects/medbioinf/data/illumina_nygc/output/reduced/PRJEB36890.698/HG01891_ERR3988943.fasta.gz
BB13	HG02011	0	0	1	ACB	AFR	/gpfs/project/projects/medbioinf/data/illumina_nygc/output/reduced/PRJEB36890.698/HG02011_ERR3988973.fasta.gz
BB15	HG02055	0	0	1	ACB	AFR	/gpfs/project/projects/medbioinf/data/illumina_nygc/output/reduced/PRJEB36890.698/HG02055_ERR3988979.fasta.gz
BB20	HG02145	0	0	1	ACB	AFR	/gpfs/project/projects/medbioinf/data/illumina_nygc/output/reduced/PRJEB36890.698/HG02145_ERR3988995.fasta.gz
BB21	HG02257	0	0	2	ACB	AFR	/gpfs/project/projects/medbioinf/data/illumina_nygc/output/reduced/PRJEB36890.698/HG02257_ERR3989003.fasta.gz
2433	NA20129	0	0	2	ASW	AFR	/gpfs/project/projects/medbioinf/data/illumina_nygc/output/reduced/PRJEB36890.698/NA20129_ERR3989456.fasta.gz
2436	NA19983	0	0	2	ASW	AFR	/gpfs/project/projects/medbioinf/data/illumina_nygc/output/reduced/PRJEB36890.698/NA19983_ERR3989454.fasta.gz
NG107	HG03516	0	0	2	ESN	AFR	/gpfs/project/projects/medbioinf/data/illumina_nygc/output/reduced/PRJEB36890.698/HG03516_ERR3989174.fasta.gz
NG34	HG03125	0	0	2	ESN	AFR	/gpfs/project/projects/medbioinf/data/illumina_nygc/output/reduced/PRJEB36890.698/HG03125_ERR3989126.fasta.gz
NG98	HG03371	0	0	1	ESN	AFR	/gpfs/project/projects/medbioinf/data/illumina_nygc/output/reduced/PRJEB36890.698/HG03371_ERR3989162.fasta.gz
GB125	HG03540	0	0	2	GWD	AFR	/gpfs/project/projects/medbioinf/data/illumina_nygc/output/reduced/PRJEB36890.698/HG03540_ERR3989177.fasta.gz
GB21	HG02572	0	0	1	GWD	AFR	/gpfs/project/projects/medbioinf/data/illumina_nygc/output/reduced/PRJEB36890.698/HG02572_ERR3989028.fasta.gz
GB24	HG02587	0	0	2	GWD	AFR	/gpfs/project/projects/medbioinf/data/illumina_nygc/output/reduced/PRJEB36890.698/HG02587_ERR3989031.fasta.gz
GB33	HG02630	0	0	2	GWD	AFR	/gpfs/project/projects/medbioinf/data/illumina_nygc/output/reduced/PRJEB36890.698/HG02630_ERR3989040.fasta.gz
GB50	HG02717	0	0	1	GWD	AFR	/gpfs/project/projects/medbioinf/data/illumina_nygc/output/reduced/PRJEB36890.698/HG02717_ERR3989059.fasta.gz
GB52	HG02723	0	0	2	GWD	AFR	/gpfs/project/projects/medbioinf/data/illumina_nygc/output/reduced/PRJEB36890.698/HG02723_ERR3989060.fasta.gz
GB66	HG02818	0	0	2	GWD	AFR	/gpfs/project/projects/medbioinf/data/illumina_nygc/output/reduced/PRJEB36890.698/HG02818_ERR3989080.fasta.gz
GB89	HG02886	0	0	2	GWD	AFR	/gpfs/project/projects/medbioinf/data/illumina_nygc/output/reduced/PRJEB36890.698/HG02886_ERR3989091.fasta.gz
SL05	HG03065	0	0	1	MSL	AFR	/gpfs/project/projects/medbioinf/data/illumina_nygc/output/reduced/PRJEB36890.698/HG03065_ERR3989118.fasta.gz
SL50	HG03453	0	0	2	MSL	AFR	/gpfs/project/projects/medbioinf/data/illumina_nygc/output/reduced/PRJEB36890.698/HG03453_ERR3989166.fasta.gz
SL61	HG03486	0	0	2	MSL	AFR	/gpfs/project/projects/medbioinf/data/illumina_nygc/output/reduced/PRJEB36890.698/HG03486_ERR3989170.fasta.gz
SL72	HG03579	0	0	1	MSL	AFR	/gpfs/project/projects/medbioinf/data/illumina_nygc/output/reduced/PRJEB36890.698/HG03579_ERR3989180.fasta.gz
Y020	NA18906	0	0	2	YRI	AFR	/gpfs/project/projects/medbioinf/data/illumina_nygc/output/reduced/PRJEB36890.698/NA18906_ERR3989364.fasta.gz
Y117	NA19238	0	0	2	YRI	AFR	/gpfs/project/projects/medbioinf/data/illumina_nygc/output/reduced/PRJEB31736.2504/NA19238_ERR3239453.fasta.gz
Y117	NA19239	0	0	1	YRI	AFR	/gpfs/project/projects/medbioinf/data/illumina_nygc/output/reduced/PRJEB31736.2504/NA19239_ERR3239454.fasta.gz
CLM03	HG01114	0	0	2	CLM	AMR	/gpfs/project/projects/medbioinf/data/illumina_nygc/output/reduced/PRJEB36890.698/HG01114_ERR3988843.fasta.gz
CLM16	HG01258	0	0	1	CLM	AMR	/gpfs/project/projects/medbioinf/data/illumina_nygc/output/reduced/PRJEB36890.698/HG01258_ERR3988862.fasta.gz
CLM31	HG01358	0	0	1	CLM	AMR	/gpfs/project/projects/medbioinf/data/illumina_nygc/output/reduced/PRJEB36890.698/HG01358_ERR3988875.fasta.gz
CLM32	HG01361	0	0	2	CLM	AMR	/gpfs/project/projects/medbioinf/data/illumina_nygc/output/reduced/PRJEB36890.698/HG01361_ERR3988876.fasta.gz
PEL011	HG01928	0	0	1	PEL	AMR	/gpfs/project/projects/medbioinf/data/illumina_nygc/output/reduced/PRJEB36890.698/HG01928_ERR3988951.fasta.gz
PEL019	HG01952	0	0	1	PEL	AMR	/gpfs/project/projects/medbioinf/data/illumina_nygc/output/reduced/PRJEB36890.698/HG01952_ERR3988958.fasta.gz
PEL26	HG01978	0	0	2	PEL	AMR	/gpfs/project/projects/medbioinf/data/illumina_nygc/output/reduced/PRJEB36890.698/HG01978_ERR3988965.fasta.gz
PEL39	HG02148	0	0	2	PEL	AMR	/gpfs/project/projects/medbioinf/data/illumina_nygc/output/reduced/PRJEB36890.698/HG02148_ERR3988996.fasta.gz
PR05	HG00731	0	0	1	PUR	AMR	/gpfs/project/projects/medbioinf/data/illumina_nygc/output/reduced/PRJEB31736.2504/HG00731_ERR3241754.fasta.gz
PR05	HG00732	0	0	2	PUR	AMR	/gpfs/project/projects/medbioinf/data/illumina_nygc/output/reduced/PRJEB31736.2504/HG00732_ERR3241755.fasta.gz
PR05	HG00733	0	0	2	PUR	AMR	/gpfs/project/projects/medbioinf/data/illumina_nygc/output/reduced/PRJEB36890.698/HG00733_ERR3988823.fasta.gz
PR06	HG00735	0	0	2	PUR	AMR	/gpfs/project/projects/medbioinf/data/illumina_nygc/output/reduced/PRJEB36890.698/HG00735_ERR3988824.fasta.gz
PR09	HG00741	0	0	2	PUR	AMR	/gpfs/project/projects/medbioinf/data/illumina_nygc/output/reduced/PRJEB36890.698/HG00741_ERR3988826.fasta.gz
PR17	HG01071	0	0	2	PUR	AMR	/gpfs/project/projects/medbioinf/data/illumina_nygc/output/reduced/PRJEB36890.698/HG01071_ERR3988832.fasta.gz
PR22	HG01243	0	0	1	PUR	AMR	/gpfs/project/projects/medbioinf/data/illumina_nygc/output/reduced/PRJEB36890.698/HG01243_ERR3988858.fasta.gz
PR25	HG01106	0	0	1	PUR	AMR	/gpfs/project/projects/medbioinf/data/illumina_nygc/output/reduced/PRJEB36890.698/HG01106_ERR3988841.fasta.gz
PR33	HG01109	0	0	1	PUR	AMR	/gpfs/project/projects/medbioinf/data/illumina_nygc/output/reduced/PRJEB36890.698/HG01109_ERR3988842.fasta.gz
PR36	HG01175	0	0	2	PUR	AMR	/gpfs/project/projects/medbioinf/data/illumina_nygc/output/reduced/PRJEB36890.698/HG01175_ERR3988851.fasta.gz
HG00864	HG00864	0	0	2	CDX	EAS	/gpfs/project/projects/medbioinf/data/illumina_nygc/output/reduced/PRJEB31736.2504/HG00864_ERR3242132.fasta.gz
NA18534	NA18534	0	0	1	CHB	EAS	/gpfs/project/projects/medbioinf/data/illumina_nygc/output/reduced/PRJEB31736.2504/NA18534_ERR3239493.fasta.gz
SH032	HG00512	0	0	1	CHS	EAS	/gpfs/project/projects/medbioinf/data/illumina_nygc/output/reduced/PRJEB36890.698/HG00512_ERR3988780.fasta.gz
SH032	HG00513	0	0	2	CHS	EAS	/gpfs/project/projects/medbioinf/data/illumina_nygc/output/reduced/PRJEB31736.2504/HG00513_ERR3241684.fasta.gz
SH079	HG00673	0	0	1	CHS	EAS	/gpfs/project/projects/medbioinf/data/illumina_nygc/output/reduced/PRJEB36890.698/HG00673_ERR3988814.fasta.gz
NA18939	NA18939	0	0	2	JPT	EAS	/gpfs/project/projects/medbioinf/data/illumina_nygc/output/reduced/PRJEB31736.2504/NA18939_ERR3239557.fasta.gz
VN002	HG01596	0	0	1	KHV	EAS	/gpfs/project/projects/medbioinf/data/illumina_nygc/output/reduced/PRJEB31736.2504/HG01596_ERR3242063.fasta.gz
VN068	HG02080	0	0	2	KHV	EAS	/gpfs/project/projects/medbioinf/data/illumina_nygc/output/reduced/PRJEB36890.698/HG02080_ERR3988986.fasta.gz
1328	NA12329	0	0	2	CEU	EUR	/gpfs/project/projects/medbioinf/data/illumina_nygc/output/reduced/PRJEB36890.698/NA12329_ERR3989317.fasta.gz
1463B	NA12878	0	0	2	CEU	EUR	/gpfs/project/projects/medbioinf/data/illumina_nygc/output/reduced/PRJEB31736.2504/NA12878_ERR3239334.fasta.gz
HG00171	HG00171	0	0	2	FIN	EUR	/gpfs/project/projects/medbioinf/data/illumina_nygc/output/reduced/PRJEB31736.2504/HG00171_ERR3240160.fasta.gz
HG00096	HG00096	0	0	1	GBR	EUR	/gpfs/project/projects/medbioinf/data/illumina_nygc/output/reduced/PRJEB31736.2504/HG00096_ERR3240114.fasta.gz
IBS002	HG01505	0	0	1	IBS	EUR	/gpfs/project/projects/medbioinf/data/illumina_nygc/output/reduced/PRJEB36890.698/HG01505_ERR3988892.fasta.gz
NA20509	NA20509	0	0	1	TSI	EUR	/gpfs/project/projects/medbioinf/data/illumina_nygc/output/reduced/PRJEB31736.2504/NA20509_ERR3239792.fasta.gz
HG03009	HG03009	0	0	1	BEB	SAS	/gpfs/project/projects/medbioinf/data/illumina_nygc/output/reduced/PRJEB31736.2504/HG03009_ERR3242842.fasta.gz
NA20847	NA20847	0	0	2	GIH	SAS	/gpfs/project/projects/medbioinf/data/illumina_nygc/output/reduced/PRJEB31736.2504/NA20847_ERR3239999.fasta.gz
IT003	HG03732	0	0	1	ITU	SAS	/gpfs/project/projects/medbioinf/data/illumina_nygc/output/reduced/PRJEB36890.698/HG03732_ERR3989210.fasta.gz
PK06	HG02492	0	0	1	PJL	SAS	/gpfs/project/projects/medbioinf/data/illumina_nygc/output/reduced/PRJEB36890.698/HG02492_ERR3989019.fasta.gz
PK43	HG03492	0	0	1	PJL	SAS	/gpfs/project/projects/medbioinf/data/illumina_nygc/output/reduced/PRJEB36890.698/HG03492_ERR3989173.fasta.gz
ST012	HG03683	0	0	2	STU	SAS	/gpfs/project/projects/medbioinf/data/illumina_nygc/output/reduced/PRJEB36890.698/HG03683_ERR3989199.fasta.gz
HG01123	HG01123	0	0	2	CLM	AMR	/gpfs/project/projects/medbioinf/data/hprc_illumina/HG01123/HG01123-111121_S1_L001.fastq.gz
HG02486	HG02486	0	0	1	ACB	AFR	/gpfs/project/projects/medbioinf/data/hprc_illumina/HG02486/HG02486-111121_S6_L002.fastq.gz
HG02559	HG02559	0	0	2	ACB	AFR	/gpfs/project/projects/medbioinf/data/hprc_illumina/HG02559/HG02559-111121_S3_L001.fastq.gz
NA21309	NA21309	0	0	2	UNKNOWN	AFR	/gpfs/project/projects/medbioinf/data/hprc_plus/illumina/NA21309/AATGACGC-AATGACGC_S5_L001.fastq.gz
NA24385	NA24385	0	0	1	UNKNOWN	UNKNOWN	/gpfs/project/projects/medbioinf/users/ebler/hprc/hprc-experiments/HG002-reads/NA24385.fasta.gz
BB24	HG02282	0	0	2	ACB	AFR	/gpfs/project/projects/medbioinf/data/illumina_nygc/output/reduced/PRJEB31736.2504/HG02282_ERR3242231.fasta.gz
BB67	HG02554	0	0	1	ACB	AFR	/gpfs/project/projects/medbioinf/data/illumina_nygc/output/reduced/PRJEB31736.2504/HG02554_ERR3242744.fasta.gz
2424	NA19836	0	0	2	ASW	AFR	/gpfs/project/projects/medbioinf/data/illumina_nygc/output/reduced/PRJEB36890.698/NA19836_ERR3989449.fasta.gz
2484a	NA20355	0	0	2	ASW	AFR	/gpfs/project/projects/medbioinf/data/illumina_nygc/output/reduced/PRJEB31736.2504/NA20355_ERR3241776.fasta.gz
NG16	HG02953	0	0	1	ESN	AFR	/gpfs/project/projects/medbioinf/data/illumina_nygc/output/reduced/PRJEB31736.2504/HG02953_ERR3242604.fasta.gz
GB116	HG03248	0	0	1	GWD	AFR	/gpfs/project/projects/medbioinf/data/illumina_nygc/output/reduced/PRJEB36890.698/HG03248_ERR3989141.fasta.gz
GB40	HG02666	0	0	1	GWD	AFR	/gpfs/project/projects/medbioinf/data/illumina_nygc/output/reduced/PRJEB31736.2504/HG02666_ERR3242387.fasta.gz
GB57	HG02769	0	0	2	GWD	AFR	/gpfs/project/projects/medbioinf/data/illumina_nygc/output/reduced/PRJEB31736.2504/HG02769_ERR3242424.fasta.gz
LWK001	NA19331	0	0	1	LWK	AFR	/gpfs/project/projects/medbioinf/data/illumina_nygc/output/reduced/PRJEB31736.2504/NA19331_ERR3239721.fasta.gz
LWK003	NA19434	0	0	2	LWK	AFR	/gpfs/project/projects/medbioinf/data/illumina_nygc/output/reduced/PRJEB31736.2504/NA19434_ERR3239756.fasta.gz
NA19036	NA19036	0	0	2	LWK	AFR	/gpfs/project/projects/medbioinf/data/illumina_nygc/output/reduced/PRJEB31736.2504/NA19036_ERR3239695.fasta.gz
NA19317	NA19317	0	0	1	LWK	AFR	/gpfs/project/projects/medbioinf/data/illumina_nygc/output/reduced/PRJEB31736.2504/NA19317_ERR3239712.fasta.gz
NA19347	NA19347	0	0	1	LWK	AFR	/gpfs/project/projects/medbioinf/data/illumina_nygc/output/reduced/PRJEB31736.2504/NA19347_ERR3239726.fasta.gz
NA19384	NA19384	0	0	1	LWK	AFR	/gpfs/project/projects/medbioinf/data/illumina_nygc/output/reduced/PRJEB31736.2504/NA19384_ERR3239740.fasta.gz
SL50	HG03452	0	0	2	MSL	AFR	/gpfs/project/projects/medbioinf/data/illumina_nygc/output/reduced/PRJEB31736.2504/HG03452_ERR3242477.fasta.gz
Y077	NA19129	0	0	2	YRI	AFR	/gpfs/project/projects/medbioinf/data/illumina_nygc/output/reduced/PRJEB31736.2504/NA19129_ERR3239430.fasta.gz
CLM29	HG01352	0	0	2	CLM	AMR	/gpfs/project/projects/medbioinf/data/illumina_nygc/output/reduced/PRJEB36890.698/HG01352_ERR3988873.fasta.gz
CLM51	HG01457	0	0	1	CLM	AMR	/gpfs/project/projects/medbioinf/data/illumina_nygc/output/reduced/PRJEB36890.698/HG01457_ERR3988884.fasta.gz
PEL38	HG02106	0	0	2	PEL	AMR	/gpfs/project/projects/medbioinf/data/illumina_nygc/output/reduced/PRJEB36890.698/HG02106_ERR3988989.fasta.gz
NA18989	NA18989	0	0	1	JPT	EAS	/gpfs/project/projects/medbioinf/data/illumina_nygc/output/reduced/PRJEB31736.2504/NA18989_ERR3239679.fasta.gz
HG00268	HG00268	0	0	2	FIN	EUR	/gpfs/project/projects/medbioinf/data/illumina_nygc/output/reduced/PRJEB31736.2504/HG00268_ERR3240225.fasta.gz
HG00358	HG00358	0	0	1	FIN	EUR	/gpfs/project/projects/medbioinf/data/illumina_nygc/output/reduced/PRJEB31736.2504/HG00358_ERR3240260.fasta.gz
BD19	HG03807	0	0	2	BEB	SAS	/gpfs/project/projects/medbioinf/data/illumina_nygc/output/reduced/PRJEB36890.698/HG03807_ERR3989221.fasta.gz
IT220	HG04217	0	0	2	ITU	SAS	/gpfs/project/projects/medbioinf/data/illumina_nygc/output/reduced/PRJEB36890.698/HG04217_ERR3989261.fasta.gz 
